"station","lon","lat","year(valid)","month(valid)","day(valid)","tmpf","dwpf","relh","drct","sknt","p01i","alti","mslp"
"L52",-120.6224,35.1015,2018,7,19,65.6857142857143,57.7142857142857,75.6135714285714,265.555555555556,5.78571428571429,0,29.9571428571429,NA
"L52",-120.6224,35.1015,2018,7,20,61.625,58.8,90.7893055555556,90.5263157894737,2.48611111111111,0,29.9466666666667,NA
"L52",-120.6224,35.1015,2018,7,21,63.125,60.3,90.7051388888889,100.483870967742,2.66666666666667,0,29.9897222222222,NA
"L52",-120.6224,35.1015,2018,7,22,63,59.375,88.2095833333333,128.928571428571,3.52777777777778,0,30.0594444444444,NA
"L52",-120.6224,35.1015,2018,7,23,63.375,58.55,84.7284722222222,130.508474576271,3.22222222222222,0,30.0280555555556,NA
"L52",-120.6224,35.1015,2018,7,24,62.75,57.1,82.1386111111111,136.727272727273,3.51388888888889,0,29.9709722222222,NA
"L52",-120.6224,35.1015,2018,7,25,61.625,56.125,83.0522222222222,102.096774193548,2.81944444444444,0,29.9747222222222,NA
"L52",-120.6224,35.1015,2018,7,26,59.525,54.85,85.0640277777778,91.5094339622642,3.05555555555556,0,29.9641666666667,NA
"L52",-120.6224,35.1015,2018,7,27,58.075,54.675,88.7854166666667,100,3.02777777777778,0,29.9416666666667,NA
"L52",-120.6224,35.1015,2018,7,28,56.65,53.8,90.4604166666667,82.5,2.68055555555556,0,29.93375,NA
"L52",-120.6224,35.1015,2018,7,29,56.75,54.25,91.4615277777778,91.7857142857143,2.54166666666667,0,29.9902777777778,NA
"L52",-120.6224,35.1015,2018,7,30,56.175,54.25,93.4490277777778,101.372549019608,3.01388888888889,0,29.9738888888889,NA
"L52",-120.6224,35.1015,2018,7,31,56.875,54.55,92.2118055555556,88.0392156862745,2.83333333333333,0,29.9556944444444,NA
"L52",-120.6224,35.1015,2018,8,1,57.9,55.15,90.8354166666667,99.622641509434,3.02777777777778,0,29.9561111111111,NA
"L52",-120.6224,35.1015,2018,8,2,57.7,55.025,91.0929166666667,114,3.40277777777778,0,29.9454166666667,NA
"L52",-120.6224,35.1015,2018,8,3,57.1739130434783,54.4869565217391,90.9040579710145,105.964912280702,3.20289855072464,0,29.946231884058,NA
"L52",-120.6224,35.1015,2018,8,4,56.8,54.2,91.4116666666667,80,2.52777777777778,0,29.8923611111111,NA
"L52",-120.6224,35.1015,2018,8,5,59.275,53.775,82.8558333333333,56.7272727272727,2.31944444444444,0,29.8694444444444,NA
"L52",-120.6224,35.1015,2018,8,6,60.75,53.1,77.8194444444444,115.409836065574,3.13888888888889,0,29.8898611111111,NA
"L52",-120.6224,35.1015,2018,8,7,59.875,52.975,78.7412676056338,79.3103448275862,2.40845070422535,0,29.8473611111111,NA
"L52",-120.6224,35.1015,2018,8,8,56.375,52.85,88.3383098591549,96.4814814814815,2.45070422535211,0,29.8840277777778,NA
"L52",-120.6224,35.1015,2018,8,9,55.075,52.8,92.4555555555556,45.7407407407407,1.77777777777778,0,29.9261111111111,NA
"L52",-120.6224,35.1015,2018,8,10,57.26,55.13,92.8936666666667,26.9230769230769,1.91666666666667,0,29.9801666666667,NA
"L52",-120.6224,35.1015,2018,8,11,57.7,55.95,94.1419444444444,78.1967213114754,1.88888888888889,0,30.0043055555556,NA
"L52",-120.6224,35.1015,2018,8,12,59.6,57.6,93.2797222222222,53.5714285714286,1.77777777777778,0,29.9640277777778,NA
"L52",-120.6224,35.1015,2018,8,13,60.925,58.55,92.1508333333333,81.1864406779661,2.16666666666667,0,29.9768055555556,NA
"L52",-120.6224,35.1015,2018,8,14,60.7,57.825,90.4504166666667,66.2068965517241,1.88888888888889,0,29.9365277777778,NA
"L52",-120.6224,35.1015,2018,8,15,62.3,57.725,85.33875,68.0701754385965,2.33333333333333,0,29.9236111111111,NA
"L52",-120.6224,35.1015,2018,8,16,63.6,59.125,85.6772222222222,123.859649122807,2.97222222222222,0,29.9869444444444,NA
"L52",-120.6224,35.1015,2018,8,17,62.375,58.425,87.27375,120.31746031746,3.43055555555556,0,30.0518055555556,NA
"L52",-120.6224,35.1015,2018,8,18,61.125,58.125,90.0570833333333,79.4827586206897,2.55555555555556,0,30.05875,NA
"L52",-120.6224,35.1015,2018,8,19,61.35,58.15,89.67125,122.096774193548,3.59722222222222,0,29.9809722222222,NA
"L52",-120.6224,35.1015,2018,8,20,61.3558823529412,57.4647058823529,87.4157352941176,106.140350877193,3.16176470588235,0,29.9316176470588,NA
"L52",-120.6224,35.1015,2018,8,21,62.495652173913,57.8782608695652,85.1547826086957,126.842105263158,3.01449275362319,0,29.9724637681159,NA
"L52",-120.6224,35.1015,2018,8,22,62.75,57.225,82.5711111111111,126,3.31944444444444,0,30.0241666666667,NA
"L52",-120.6224,35.1015,2018,8,23,62.55,57.1,82.8177777777778,132,3.72222222222222,0,30.0406944444444,NA
"L52",-120.6224,35.1015,2018,8,24,61.0117647058824,55.8764705882353,83.6651470588235,145.238095238095,4.76470588235294,0,29.9914705882353,NA
"L52",-120.6224,35.1015,2018,8,25,61.075,55.925,83.5273611111111,131.147540983607,3.58333333333333,0,29.9575,NA
"L52",-120.6224,35.1015,2018,8,26,60.5,56.725,87.7595833333333,98.5714285714286,2.72222222222222,0,30.0040277777778,NA
"L52",-120.6224,35.1015,2018,8,27,60.15,54.25,81.3091666666667,126.40625,3.40277777777778,0,29.9890277777778,NA
"L52",-120.6224,35.1015,2018,8,28,61.95,56.4,82.35,145.230769230769,3.83333333333333,0,29.96375,NA
"L52",-120.6224,35.1015,2018,8,29,60.0622950819672,54.8688524590164,83.7185245901639,149.655172413793,3.9344262295082,0,29.9901639344262,NA
"L52",-120.6224,35.1015,2018,8,30,61.325,55.85,82.7793055555556,146.521739130435,4.73611111111111,0,30.0226388888889,NA
"L52",-120.6224,35.1015,2018,8,31,60.7,56.425,86.2315277777778,126.428571428571,4.72222222222222,0,29.9690277777778,NA
"L52",-120.6224,35.1015,2018,9,1,60.725,55.575,83.7518055555555,112.985074626866,3.38888888888889,0,29.8595833333333,NA
"L52",-120.6224,35.1015,2018,9,2,58.525,54.725,87.4188888888889,111.5625,3.30555555555556,0,29.8627777777778,NA
"L52",-120.6224,35.1015,2018,9,3,61.05,57.925,89.6632394366197,123.4375,2.64788732394366,0,29.9043055555556,NA
"L52",-120.6224,35.1015,2018,9,4,60.625,58.425,92.6284722222222,87.3214285714286,1.97222222222222,0,29.8972222222222,NA
"L52",-120.6224,35.1015,2018,9,5,61.65,58.175,88.5092957746479,85.6896551724138,2.11267605633803,0,29.9497222222222,NA
"L52",-120.6224,35.1015,2018,9,6,61.8542857142857,58.1514285714286,87.7875714285714,120.526315789474,2.71428571428571,0,30.0328571428571,NA
"L52",-120.6224,35.1015,2018,9,7,61.075,57.95,89.7177777777778,97.5,3.05555555555556,0,29.9959722222222,NA
"L52",-120.6224,35.1015,2018,9,8,60.25,56.125,87.3352777777778,97.03125,2.65277777777778,0,29.9115277777778,NA
"L52",-120.6224,35.1015,2018,9,9,58.825,54.575,86.3773611111111,87.1428571428571,2.52777777777778,0,29.8568055555556,NA
"L52",-120.6224,35.1015,2018,9,10,56.6,54.25,92.0538888888889,75.4237288135593,2.69444444444444,0,29.8829166666667,NA
"L52",-120.6224,35.1015,2018,9,11,56.0084507042254,53.6253521126761,92.0650704225352,72.3529411764706,2.6056338028169,0,29.8650704225352,NA
"L52",-120.6224,35.1015,2018,9,12,56.525,53.525,89.9990277777778,96.1538461538462,2.83333333333333,0,29.8922222222222,NA
"L52",-120.6224,35.1015,2018,9,13,56.25,51.95,86.31,121.904761904762,3.83333333333333,0,29.9379166666667,NA
"L52",-120.6224,35.1015,2018,9,14,56.6,51.25,82.8775,120.30303030303,3.30555555555556,0,29.9109722222222,NA
"L52",-120.6224,35.1015,2018,9,15,58.375,53.55,84.6009722222222,137.457627118644,4.47222222222222,0,29.8876388888889,NA
"L52",-120.6224,35.1015,2018,9,16,56.675,51.65,84.0773611111111,94.9206349206349,2.72222222222222,0,29.9127777777778,NA
"L52",-120.6224,35.1015,2018,9,17,56.525,53.375,89.7345833333333,94.7619047619048,2.86111111111111,0,29.9422222222222,NA
"L52",-120.6224,35.1015,2018,9,18,56.1352112676056,51.8507042253521,86.0746478873239,112.923076923077,3.71830985915493,0,29.9384507042254,NA
"L52",-120.6224,35.1015,2018,9,19,56.3671641791045,52.7402985074627,88.0570149253731,123.492063492063,3.67164179104478,0,29.8677611940298,NA
"L52",-120.6224,35.1015,2018,9,20,55.3735294117647,50.9794117647059,86.0148529411765,73.5714285714286,1.86764705882353,0,29.8120588235294,NA
"L52",-120.6224,35.1015,2018,9,21,59.925,57.025,90.6593055555556,109.84375,2.45833333333333,0,29.9466666666667,NA
"L52",-120.6224,35.1015,2018,9,22,58.95,56.95,93.2415277777778,111.206896551724,2.56944444444444,0,29.9836111111111,NA
"L52",-120.6224,35.1015,2018,9,23,55.85,53.5,91.8870833333333,103.833333333333,2.16666666666667,0,29.9155555555556,NA
"L52",-120.6224,35.1015,2018,9,24,55.65,53.425,92.6125,70.3125,1.83333333333333,0,29.8872222222222,NA
"L52",-120.6224,35.1015,2018,9,25,57.2507042253521,53.5492957746479,87.7395774647887,81.6666666666667,2.30985915492958,0,29.9367605633803,NA
"L52",-120.6224,35.1015,2018,9,26,56.625,54.15,91.6494444444444,97.4576271186441,2.65277777777778,0,29.9822222222222,NA
"L52",-120.6224,35.1015,2018,9,27,57.8,55.46,92.1183333333333,97.6086956521739,2.8,0,29.9591666666667,NA
"L52",-120.6224,35.1015,2018,9,28,57.85,55.375,91.8329166666667,87.65625,2.36111111111111,0,29.9005555555556,NA
"L52",-120.6224,35.1015,2018,9,29,60.2521739130435,54.7217391304348,82.8747826086957,81.4814814814815,2.39130434782609,0,29.918115942029,NA
"L52",-120.6224,35.1015,2018,9,30,57.7,52.45,83.1791666666667,144.262295081967,3.76388888888889,0,29.9061111111111,NA
"L52",-120.6224,35.1015,2018,10,1,56.9617647058824,53.8382352941176,89.590303030303,95,2.89393939393939,0,29.8792647058824,NA
"L52",-120.6224,35.1015,2018,10,2,59.15,56.55,91.4640277777778,91.0714285714286,2.45833333333333,0,29.8279166666667,NA
"L52",-120.6224,35.1015,2018,10,3,64.65,61.225,88.8116666666667,33.3333333333333,1.01388888888889,0.00375,29.8861111111111,NA
"L52",-120.6224,35.1015,2018,10,4,64.775,62.575,92.7759722222222,89.4915254237288,2.44444444444444,0.000416666666666667,29.9640277777778,NA
"L52",-120.6224,35.1015,2018,10,5,61.9661971830986,58.2394366197183,88.0502816901408,143.015873015873,4.12676056338028,0,30.0084507042254,NA
"L52",-120.6224,35.1015,2018,10,6,61.5971428571429,55.2714285714286,80.6974285714286,125.151515151515,4.17142857142857,0,29.8928571428571,NA
"L52",-120.6224,35.1015,2018,10,7,57.5857142857143,53.0857142857143,85.734,117.413793103448,3.62857142857143,0,29.8124285714286,NA
"L52",-120.6224,35.1015,2018,10,8,57.9,51.525,80.4534722222222,87.8787878787879,2.11111111111111,0,29.815,NA
"L52",-120.6224,35.1015,2018,10,9,60.5428571428571,57.2514285714286,89.402,84.6875,2.38571428571429,0,29.8381428571429,NA
"L52",-120.6224,35.1015,2018,10,10,61.625,56.6,83.8373611111111,116.779661016949,2.38888888888889,0,29.8404166666667,NA
"L52",-120.6224,35.1015,2018,10,11,61.05,55.95,83.4854166666667,78.3823529411765,1.86111111111111,0,29.8405555555556,NA
"L52",-120.6224,35.1015,2018,10,12,59.875,53.15,80.0822222222222,96.5671641791045,3.08333333333333,0,29.8227777777778,NA
"L52",-120.6224,35.1015,2018,10,13,61.6571428571429,56.1714285714286,82.7106349206349,105.961538461538,2.58730158730159,0,29.842380952381,NA
"L52",-120.6224,35.1015,2018,10,14,63.35,56.875,79.7207042253521,84.84375,2.42253521126761,0,29.9183333333333,NA
"L52",-120.6224,35.1015,2018,10,15,56.35625,52.25,86.69625,100.327868852459,2.859375,0,30.04078125,NA
"L52",-120.6224,35.1015,2018,10,16,59,50.2857142857143,73.8059677419355,137.118644067797,4.17741935483871,0,30.0688888888889,NA
"L52",-120.6224,35.1015,2018,10,17,56.66,49.2285714285714,76.9621428571429,108.59649122807,3.84285714285714,0,30.0681428571429,NA
"L52",-120.6224,35.1015,2018,10,18,55.3,51.475,87.3736111111111,95.9375,2.79166666666667,0,30.0795833333333,NA
"L52",-120.6224,35.1015,2018,10,19,57.4,50.425,80.1601388888889,82,2.31944444444444,0,30.0495833333333,NA
"L52",-120.6224,35.1015,2018,10,20,58.5183098591549,50.430985915493,77.5092957746479,63.8095238095238,1.7887323943662,0,29.9718309859155,NA
"L52",-120.6224,35.1015,2018,10,21,54.95,51.625,89.0575,78.6206896551724,2.54166666666667,0,29.9263888888889,NA
"L52",-120.6224,35.1015,2018,10,22,59,55.55,88.6676388888889,102.424242424242,3.18055555555556,0,29.9227777777778,NA
"L52",-120.6224,35.1015,2018,10,23,56.66,52.6228571428571,87.1702857142857,123.75,3.72857142857143,0,29.9428571428571,NA
"L52",-120.6224,35.1015,2018,10,24,56.15,51.3,84.7284722222222,108.970588235294,3.26388888888889,0,29.9527777777778,NA
"L52",-120.6224,35.1015,2018,10,25,56.2366197183099,50.8619718309859,83.3064788732394,107.1875,2.46478873239437,0,30.0077464788732,NA
"L52",-120.6224,35.1015,2018,10,26,57.3285714285714,51.1571428571429,81.091,73.7704918032787,2.38571428571429,0,30.0201428571429,NA
"L52",-120.6224,35.1015,2018,10,27,54.925,52.8,92.88625,54.3103448275862,1.73611111111111,0,30.00625,NA
"L52",-120.6224,35.1015,2018,10,28,57.05,54.65,93.0254929577465,68.2089552238806,1.85915492957746,0,30.0109722222222,NA
"L52",-120.6224,35.1015,2018,10,29,63.4597014925373,50.8328358208955,69.8877611940298,81.5625,3.43283582089552,0,30.0280597014925,NA
"L52",-120.6224,35.1015,2018,12,13,63.1684210526316,45.8315789473684,53.3010526315789,199.230769230769,3.36842105263158,0,30.1894736842105,NA
"L52",-120.6224,35.1015,2018,12,14,54.1641791044776,48.7641791044776,82.3080597014925,63.125,1.85074626865672,0,30.1468656716418,NA
"L52",-120.6224,35.1015,2018,12,15,50.425,46.625,87.7908333333333,94.6268656716418,2.77777777777778,0,30.115,NA
"L52",-120.6224,35.1015,2018,12,16,51.8,48.15,88.0848611111111,103.529411764706,3.02777777777778,0,30.1279166666667,NA
"L52",-120.6224,35.1015,2018,12,17,57.3,53.6,87.8138888888889,97.6470588235294,3.01388888888889,0.00305555555555556,30.1534722222222,NA
"L52",-120.6224,35.1015,2018,12,18,53.45,47.075,81.1918055555556,147.042253521127,3.625,0,30.2470833333333,NA
"L52",-120.6224,35.1015,2018,12,19,54.7117647058824,43.2764705882353,67.6542647058824,49.8461538461538,1.88235294117647,0,30.2026470588235,NA
"L52",-120.6224,35.1015,2018,12,20,49.1887323943662,44.8535211267606,86.116338028169,76.1194029850746,2.2112676056338,0,30.1281690140845,NA
"L52",-120.6224,35.1015,2018,12,21,55.65,52.775,90.6711111111111,84.3478260869565,2.54166666666667,0,30.0522222222222,NA
"L52",-120.6224,35.1015,2018,12,22,54.825,49.85,84.7330555555556,93.9130434782609,2.76388888888889,0,30.0329166666667,NA
"L52",-120.6224,35.1015,2018,12,23,53.075,47.15,81.4884722222222,70.8955223880597,2.125,0,30.1352777777778,NA
"L52",-120.6224,35.1015,2018,12,24,53.45,46.675,78.7611111111111,126.666666666667,3.54166666666667,0,30.1420833333333,NA
"L52",-120.6224,35.1015,2018,12,25,55.85,50.575,83.6654166666667,239.705882352941,6.02777777777778,0.00208333333333333,29.9368055555556,NA
"L52",-120.6224,35.1015,2018,12,26,50.85,41.55,73.9461111111111,121.267605633803,3.43055555555556,0,30.0526388888889,NA
"L52",-120.6224,35.1015,2018,12,27,50.8366197183099,39.8338028169014,68.2785915492958,174.929577464789,4.85915492957746,0,30.0674647887324,NA
"L52",-120.6224,35.1015,2018,12,28,52.2254545454545,30.3636363636364,45.2481818181818,76.25,4.74545454545455,0,30.1074545454545,NA
"L52",-120.6224,35.1015,2018,12,29,45.4,29.7,56.545,90.4411764705882,3.58333333333333,0,30.2861111111111,NA
"L52",-120.6224,35.1015,2018,12,30,47.15,36.625,67.6122222222222,114,4.01388888888889,0,30.1890277777778,NA
"L52",-120.6224,35.1015,2018,12,31,47.7371428571429,38.6857142857143,73.2197142857143,134.242424242424,3.77142857142857,0,29.9684285714286,NA
"L52",-120.6224,35.1015,2019,1,1,49.3,30.4,50.9033333333333,71.5384615384615,4.40277777777778,0,30.0815277777778,NA
"L52",-120.6224,35.1015,2019,1,2,44.55,27.425,52.80125,88.2539682539683,3.34722222222222,0,30.2044444444444,NA
"L52",-120.6224,35.1015,2019,1,3,43.75,34.225,70.2080555555556,103.731343283582,3.27777777777778,0,30.21625,NA
"L52",-120.6224,35.1015,2019,1,4,43.625,35.525,74.3452777777778,77.2727272727273,2.59722222222222,0,30.0701388888889,NA
"L52",-120.6224,35.1015,2019,1,5,48.4028169014084,44.169014084507,86.0947887323944,97.6056338028169,4.83098591549296,0.00169014084507042,29.916338028169,NA
"L52",-120.6224,35.1015,2019,1,6,50.9257142857143,47.7885714285714,89.5802898550725,98.90625,4.6231884057971,0.000714285714285714,30.0067142857143,NA
"L52",-120.6224,35.1015,2019,1,7,58.125,56.075,93.1320833333333,172.203389830508,6.48611111111111,0.00194444444444444,30.12375,NA
"L52",-120.6224,35.1015,2019,1,8,55.125,52.05,89.8727777777778,80.2857142857143,1.80555555555556,0,30.12375,NA
"L52",-120.6224,35.1015,2019,1,9,57.2,53.2,86.6684722222222,96.9090909090909,4.06944444444444,0.00291666666666667,30.0902777777778,NA
"L52",-120.6224,35.1015,2019,1,10,51.55,49.8,94.18625,66.1194029850746,1.70833333333333,0.000277777777777778,30.1495833333333,NA
"L52",-120.6224,35.1015,2019,1,11,54.55,49.15,84.3161111111111,90.625,3.94444444444444,0,30.0433333333333,NA
"L52",-120.6224,35.1015,2019,1,12,54.9,49.35,82.3852777777778,119.090909090909,5.81944444444444,0.00416666666666667,29.9581944444444,NA
"L52",-120.6224,35.1015,2019,1,13,50.35,46.625,88.1422222222222,72.9850746268657,3.13888888888889,0,30.0375,NA
"L52",-120.6224,35.1015,2019,1,14,55.5,46.375,72.1701388888889,86.3076923076923,5.59722222222222,0.000833333333333333,29.9151388888889,NA
"L52",-120.6224,35.1015,2019,1,15,54.425,49,82.0338888888889,127.391304347826,8.40277777777778,0.000833333333333333,29.8930555555556,NA
"L52",-120.6224,35.1015,2019,1,16,56.025,51.475,85.2794366197183,98.1818181818182,4.95774647887324,0,30.0204166666667,NA
"L52",-120.6224,35.1015,2019,1,17,60.343661971831,58.112676056338,92.5091549295775,150.16393442623,7.14084507042254,0.00535211267605634,30.0570422535211,NA
"L52",-120.6224,35.1015,2019,1,18,55.7,52.9,91.5255555555556,84.9230769230769,2.04166666666667,0,30.2519444444444,NA
"L52",-120.6224,35.1015,2019,1,19,57.5,48.075,72.8348611111111,132.714285714286,3.18055555555556,0,30.3013888888889,NA
"L52",-120.6224,35.1015,2019,1,20,56.225,50.85,83.4980555555556,105,2.86111111111111,0,30.1526388888889,NA
"L52",-120.6224,35.1015,2019,1,21,54.3,46.225,75.4952777777778,253.088235294118,7.125,0,30.1445833333333,NA
"L52",-120.6224,35.1015,2019,1,22,51.3,39.85,68.0931944444444,146.212121212121,5,0,30.2815277777778,NA
"L52",-120.6224,35.1015,2019,1,23,50.0771428571429,36.9885714285714,62.8372857142857,94.84375,3.18571428571429,0,30.3391428571429,NA
"L52",-120.6224,35.1015,2019,1,24,54.625,36.975,54.4376388888889,134.461538461538,3.38888888888889,0,30.1725,NA
"L52",-120.6224,35.1015,2019,1,25,49.75,44,83.2541666666667,76.5714285714286,1.83333333333333,0,30.1530555555556,NA
"L52",-120.6224,35.1015,2019,1,26,51.6,43.05,76.3343055555556,71.6901408450704,2.01388888888889,0,30.1961111111111,NA
"L52",-120.6224,35.1015,2019,1,27,53.5746478873239,42.7746478873239,68.2602816901408,86.2686567164179,2.61971830985915,0,30.1704225352113,NA
"L52",-120.6224,35.1015,2019,1,28,50.575,45,82.6668055555556,56.231884057971,1.75,0,30.0138888888889,NA
"L52",-120.6224,35.1015,2019,1,29,55.375,53.5,93.7229166666667,85.3623188405797,2.5,0,29.9798611111111,NA
"L52",-120.6224,35.1015,2019,1,30,53.575,51.275,92.1715277777778,100.952380952381,3.18055555555556,0,29.9408333333333,NA
"L52",-120.6224,35.1015,2019,1,31,54.4619718309859,52.6112676056338,93.7547887323944,79.53125,2.26760563380282,0.00408450704225352,29.896338028169,NA
"L52",-120.6224,35.1015,2019,2,1,51.665671641791,48.7910447761194,90.774776119403,67.2307692307692,2.65671641791045,0,29.9514925373134,NA
"L52",-120.6224,35.1015,2019,2,2,57.025,50.8,80.0852777777778,162.058823529412,10.3472222222222,0.00319444444444444,29.7006944444444,NA
"L52",-120.6224,35.1015,2019,2,3,56,52.7,88.8822222222222,213.27868852459,9.18055555555556,0.00138888888888889,29.7729166666667,NA
"L52",-120.6224,35.1015,2019,2,4,53.6,50.125,88.2848611111111,180.147058823529,6.27777777777778,0.000138888888888889,29.7820833333333,NA
"L52",-120.6224,35.1015,2019,2,5,50.05,41.675,73.1084722222222,268.75,9.29166666666667,0,29.8697222222222,NA
"L52",-120.6224,35.1015,2019,2,6,42.925,34.575,74.9263888888889,128.382352941176,4.19444444444444,0.000138888888888889,30.1159722222222,NA
"L52",-120.6224,35.1015,2019,2,7,45.425,35.625,70.6445833333333,97.1875,3,0,30.2475,NA
"L52",-120.6224,35.1015,2019,2,8,45.375,36.525,73.1909722222222,114.63768115942,4.18055555555556,0,30.1693055555556,NA
"L52",-120.6224,35.1015,2019,2,9,50.925,45.65,83.1106944444444,121.5,4.52777777777778,0.00138888888888889,29.9972222222222,NA
"L52",-120.6224,35.1015,2019,2,10,50.075,43.425,79.0609722222222,211.470588235294,7.48611111111111,0,30.0188888888889,NA
"L52",-120.6224,35.1015,2019,2,11,45.675,35.225,68.7466666666667,163.768115942029,4.69444444444444,0.000138888888888889,30.1775,NA
"L52",-120.6224,35.1015,2019,2,12,46.325,36.75,71.2651388888889,120.416666666667,3.33333333333333,0,30.1094444444444,NA
"L52",-120.6224,35.1015,2019,2,13,55.6535211267606,43.1802816901408,63.7625352112676,91.9354838709677,6.46478873239437,0.000985915492957746,29.8459154929577,NA
"L52",-120.6224,35.1015,2019,2,14,60.1915492957746,55.1971830985916,83.9060563380282,167.887323943662,10.9859154929577,0.00028169014084507,29.7019718309859,NA
"L52",-120.6224,35.1015,2019,2,15,52.3070422535211,48.4788732394366,87.1880281690141,178.923076923077,5.25352112676056,0.000140845070422535,30.0105633802817,NA
"L52",-120.6224,35.1015,2019,2,16,48.325,43.125,83.6638888888889,126.716417910448,4.25,0.000138888888888889,30.1729166666667,NA
"L52",-120.6224,35.1015,2019,2,17,48.225,41.925,79.7518055555556,192.753623188406,6.94444444444444,0.000138888888888889,30.1240277777778,NA
"L52",-120.6224,35.1015,2019,2,18,45.2,35.575,71.3,157.971014492754,6.06944444444444,0.000138888888888889,30.1156944444444,NA
"L52",-120.6224,35.1015,2019,2,19,45.525,32.85,63.6756944444444,115.820895522388,4.26388888888889,0,30.1866666666667,NA
"L52",-120.6224,35.1015,2019,2,20,46,37.4,72.2934722222222,143.623188405797,5.11111111111111,0,30.0576388888889,NA
"L52",-120.6224,35.1015,2019,2,21,47.1971428571429,38.3,72.5475714285714,195.806451612903,6.18571428571429,0,29.7285714285714,NA
"L52",-120.6224,35.1015,2019,2,22,43.275,33.725,72.4963888888889,102.173913043478,4.26388888888889,0.000277777777777778,29.9443055555556,NA
"L52",-120.6224,35.1015,2019,2,23,44.725,33.675,66.885,110.322580645161,3.56944444444444,0,30.2520833333333,NA
"L52",-120.6224,35.1015,2019,2,24,47.2059701492537,39.5492537313433,75.5741791044776,144.067796610169,4.71641791044776,0,30.239552238806,NA
"L52",-120.6224,35.1015,2019,2,25,50,45.125,83.915,100.615384615385,3.08333333333333,0,30.0965277777778,NA
"L52",-120.6224,35.1015,2019,2,26,49.8478873239437,44.7521126760563,83.3756338028169,91.25,3.32394366197183,0,30.0811267605634,NA
"L52",-120.6224,35.1015,2019,2,27,54.7911764705882,49.0470588235294,81.1801470588235,104.464285714286,5.02941176470588,0.000147058823529412,30.0608823529412,NA
"L52",-120.6224,35.1015,2019,2,28,56.9971830985915,55.1971830985916,93.9178873239437,137.536231884058,2.91549295774648,0.000140845070422535,30.1145070422535,NA
"L52",-120.6224,35.1015,2019,3,1,53.7611940298507,50.0805970149254,87.6940298507463,80.1587301587302,2.02985074626866,0,30.1061194029851,NA
"L52",-120.6224,35.1015,2019,3,2,57.375,55.025,92.0575,100.441176470588,5.04166666666667,0,29.9291666666667,NA
"L52",-120.6224,35.1015,2019,3,3,56.075,54.6,94.9401388888889,172.439024390244,4.41666666666667,0.000138888888888889,30.0633333333333,NA
"L52",-120.6224,35.1015,2019,3,4,55.5521126760563,48.8338028169014,78.9985915492958,185.384615384615,4.8169014084507,0,30.1066197183099,NA
"L52",-120.6224,35.1015,2019,3,5,53.475,49.375,86.2104166666667,102.153846153846,3.90277777777778,0,30.0129166666667,NA
"L52",-120.6224,35.1015,2019,3,6,55.9,52.625,88.8266666666667,149.558823529412,7.74647887323944,0,29.8359722222222,NA
"L52",-120.6224,35.1015,2019,3,7,53.475,50.225,89.1520833333333,110.769230769231,2.68055555555556,0.000138888888888889,30.0358333333333,NA
"L52",-120.6224,35.1015,2019,3,8,49.45,44.55,84.5573611111111,105.384615384615,3.68571428571429,0.000138888888888889,30.0561111111111,NA
"L52",-120.6224,35.1015,2019,3,9,47.85,40.45,77.0516666666667,142.878787878788,4.33802816901408,0,30.0651388888889,NA
"L52",-120.6224,35.1015,2019,3,10,51.175,44.35,78.7595833333333,118.813559322034,4.3,0,29.9638888888889,NA
"L52",-120.6224,35.1015,2019,3,11,52.475,41.625,70.9781944444444,76.0294117647059,3.73611111111111,0,29.9783333333333,NA
"L52",-120.6224,35.1015,2019,3,12,53.5239436619718,44.6253521126761,73.1591549295775,147.727272727273,4.84285714285714,0,29.9061971830986,NA
"L52",-120.6224,35.1015,2019,3,13,52.0535211267606,39.2760563380282,63.8053521126761,193.692307692308,5.91304347826087,0,30.0401408450704,NA
"L52",-120.6224,35.1015,2019,3,14,53.0184615384615,37.7046153846154,57.2727692307692,88.7037037037037,3.25,0,30.1838461538462,NA
"L52",-120.6224,35.1015,2019,3,15,48.7914285714286,40.46,74.2398571428571,104.603174603175,2.95588235294118,0,30.191,NA
"L52",-120.6224,35.1015,2019,3,16,54.3098591549296,40.0112676056338,61.7292957746479,107.313432835821,4.53521126760563,0,30.1001408450704,NA
"L52",-120.6224,35.1015,2019,3,17,55.3,42.675,65.4529166666667,109.538461538462,2.86111111111111,0,30.0416666666667,NA
"L52",-120.6224,35.1015,2019,3,18,52.4428571428571,46.1942857142857,80.5794285714286,71.7857142857143,2.11594202898551,0,29.9925714285714,NA
"L52",-120.6224,35.1015,2019,3,19,52.025,46.775,83.5036111111111,76.3768115942029,1.65277777777778,0,29.9419444444444,NA
"L52",-120.6224,35.1015,2019,3,20,54.9,50.8,86.3081944444444,148.448275862069,4.48611111111111,0.00138888888888889,30.0020833333333,NA
"L52",-120.6224,35.1015,2019,3,21,52.5098591549296,48.5295774647887,86.9571830985916,137.246376811594,4.69014084507042,0.00028169014084507,30.1019718309859,NA
"L52",-120.6224,35.1015,2019,3,22,51.2461538461538,47.2861538461538,86.7864615384615,108.448275862069,3.43076923076923,0,30.1872307692308,NA
"L52",-120.6224,35.1015,2019,3,23,54.2591549295775,50.9633802816901,88.893661971831,116.911764705882,4.01408450704225,0,30.1728169014084,NA
"L52",-120.6224,35.1015,2019,3,24,54.225,46.9,77.2686111111111,137.5,4.23611111111111,0,30.1865277777778,NA
"L52",-120.6224,35.1015,2019,3,25,51.125,46.575,85.1404166666667,104.666666666667,3.06944444444444,0,30.15875,NA
"L52",-120.6224,35.1015,2019,3,26,53.8,49,84.0909722222222,109.6875,3.30555555555556,0,30.0669444444444,NA
"L52",-120.6224,35.1015,2019,3,27,58.85,56,90.4134722222222,132.575757575758,4.33333333333333,0.000277777777777778,30.025,NA
"L52",-120.6224,35.1015,2019,3,28,57.85,53.825,87.2931944444444,134.769230769231,3.83333333333333,0,30.1852777777778,NA
"L52",-120.6224,35.1015,2019,3,29,53.9913043478261,47.0521739130435,78.4423188405797,174.307692307692,5.39705882352941,0,30.2736231884058,NA
"L52",-120.6224,35.1015,2019,3,30,60.175,43.575,55.5281944444444,192.537313432836,7.18055555555556,0,30.1701388888889,NA
"L52",-120.6224,35.1015,2019,3,31,62.55,44.35,53.1079166666667,189.705882352941,5.38028169014085,0,30.0772222222222,NA
"L52",-120.6224,35.1015,2019,4,1,59.0514285714286,50.18,73.2105714285714,89.8333333333333,2.54285714285714,0,29.981,NA
"L52",-120.6224,35.1015,2019,4,2,57.75,54.1,87.9409722222222,148.59375,4.11111111111111,0,29.9372222222222,NA
"L52",-120.6224,35.1015,2019,4,3,55.925,51.55,85.4351388888889,111.206896551724,3.25714285714286,0,30.0318055555556,NA
"L52",-120.6224,35.1015,2019,4,4,57.375,52.1,82.6563888888889,66.7241379310345,1.79166666666667,0,30.0676388888889,NA
"L52",-120.6224,35.1015,2019,4,5,54.3605633802817,49.9239436619718,85.5571830985916,94.8484848484848,2.21428571428571,0,30.040985915493,NA
"L52",-120.6224,35.1015,2019,4,6,56.7,51.925,84.6340277777778,125,3.48611111111111,0,30.0993055555556,NA
"L52",-120.6224,35.1015,2019,4,7,60.1828571428571,55.0657142857143,84.154,135.15625,4.27536231884058,0,30.2005714285714,NA
"L52",-120.6224,35.1015,2019,4,8,62.7028571428571,55.5028571428571,78.1868571428571,110,3.08823529411765,0,30.1631428571429,NA
"L52",-120.6224,35.1015,2019,4,9,61.025,52.45,75.0134722222222,212.285714285714,6.30555555555556,0,30.1502777777778,NA
"L52",-120.6224,35.1015,2019,4,10,56.15,45.8,69.19625,221.449275362319,6.20833333333333,0,30.1972222222222,NA
"L52",-120.6224,35.1015,2019,4,11,52.712676056338,46.1464788732394,79.3432394366197,120.757575757576,4.4,0,30.140985915493,NA
"L52",-120.6224,35.1015,2019,4,12,54.9,46.675,74.0519444444444,247.076923076923,6.58333333333333,0,29.9330555555556,NA
"L52",-120.6224,35.1015,2019,4,13,53.175,48.275,83.8915277777778,133.650793650794,3.84507042253521,0,29.9551388888889,NA
"L52",-120.6224,35.1015,2019,4,14,51.375,49.625,94.0661111111111,87.9310344827586,2.52777777777778,0,29.9875,NA
"L52",-120.6224,35.1015,2019,4,15,54.625,50.05,84.8027777777778,138.688524590164,3.95774647887324,0,29.9116666666667,NA
"L52",-120.6224,35.1015,2019,4,16,55.675,50.325,82.6611111111111,129.852941176471,4.11111111111111,0,29.9809722222222,NA
"L52",-120.6224,35.1015,2019,4,17,56.775,48.75,75.6218055555556,149.69696969697,4.41666666666667,0,30.1313888888889,NA
"L52",-120.6224,35.1015,2019,4,18,56.6929577464789,49.0366197183099,76.9545070422535,110,2.42253521126761,0,30.1095774647887,NA
"L52",-120.6224,35.1015,2019,4,19,54.025,52.45,94.7179166666667,98.9830508474576,2.51388888888889,0,30.0118055555556,NA
"L52",-120.6224,35.1015,2019,4,20,55.3,52.375,90.0844444444444,191.311475409836,4.44444444444444,0,29.9731944444444,NA
"L52",-120.6224,35.1015,2019,4,21,53.65,48.225,82.2443055555556,173.970588235294,5.40277777777778,0,30.0652777777778,NA
"L52",-120.6224,35.1015,2019,4,22,51.675,48.425,89.0351388888889,137.5,3.69444444444444,0,30.0548611111111,NA
"L52",-120.6224,35.1015,2019,4,23,54.725,50.425,86.0901388888889,89.2857142857143,2.79166666666667,0,29.9995833333333,NA
"L52",-120.6224,35.1015,2019,4,24,54.975,52.625,92.1213888888889,97.6470588235294,2.19444444444444,0,29.96875,NA
"L52",-120.6224,35.1015,2019,4,25,54.9,53.65,95.7120833333333,56.8333333333333,1.66666666666667,0,29.9858333333333,NA
"L52",-120.6224,35.1015,2019,4,26,55.6869565217391,54.2782608695652,95.1821739130435,71.0526315789474,1.81159420289855,0,29.9992753623188,NA
"L52",-120.6224,35.1015,2019,4,27,55.55,52.6,90.0911111111111,90.1724137931034,2.47222222222222,0,30.0043055555556,NA
"L52",-120.6224,35.1015,2019,4,28,55.85,51.95,86.8761111111111,151.290322580645,2.88888888888889,0,29.9138888888889,NA
"L52",-120.6224,35.1015,2019,4,29,57.0714285714286,54.0885714285714,89.9298571428571,109.333333333333,2.45714285714286,0.002,29.8427142857143,NA
"L52",-120.6224,35.1015,2019,4,30,58.2173913043478,52.504347826087,81.724347826087,113.015873015873,3.01449275362319,0.000869565217391304,29.9397101449275,NA
"L52",-120.6224,35.1015,2019,5,1,55.3,50.625,84.8113888888889,124.444444444444,3.95774647887324,0,30.0183333333333,NA
"L52",-120.6224,35.1015,2019,5,2,55.925,51.625,86.0595833333333,146.40625,4.33333333333333,0,30.0079166666667,NA
"L52",-120.6224,35.1015,2019,5,3,55.825,50.175,82.4765277777778,108.166666666667,3.52777777777778,0,29.9740277777778,NA
"L52",-120.6224,35.1015,2019,5,4,56.35,52,85.7458333333333,120.9375,3.38888888888889,0,29.9422222222222,NA
"L52",-120.6224,35.1015,2019,5,5,55.875,48.7,77.2583333333333,122.131147540984,3.90140845070423,0,29.8961111111111,NA
"L52",-120.6224,35.1015,2019,5,6,56.3771428571429,51.2857142857143,83.2107142857143,142.068965517241,3.31428571428571,0.000857142857142857,29.9264285714286,NA
"L52",-120.6224,35.1015,2019,5,7,58.9492957746479,51.8,77.3004225352113,225.932203389831,5,0,30.0443661971831,NA
"L52",-120.6224,35.1015,2019,5,8,58.775,51.775,77.6347222222222,281.5625,5.47222222222222,0,30.0470833333333,NA
"L52",-120.6224,35.1015,2019,5,9,58.05,53.975,86.3925,72.5,1.83098591549296,0,29.8758333333333,NA
"L52",-120.6224,35.1015,2019,5,10,58.7942857142857,54.4742857142857,85.6772857142857,49.7058823529412,1.05797101449275,0.000142857142857143,29.8177142857143,NA
"L52",-120.6224,35.1015,2019,5,11,58.5371428571429,53.6,84.3527142857143,137.936507936508,4.55714285714286,0,29.9261428571429,NA
"L52",-120.6224,35.1015,2019,5,12,58.6,53.45,83.2229166666667,133.064516129032,3.94366197183099,0,29.9613888888889,NA
"L52",-120.6224,35.1015,2019,5,13,57.7,53.3,85.6094444444444,127.142857142857,3.49295774647887,0,30.0063888888889,NA
"L52",-120.6224,35.1015,2019,5,14,58.0366197183099,52.6619718309859,82.4598591549296,136.031746031746,3.52112676056338,0,30.0343661971831,NA
"L52",-120.6224,35.1015,2019,5,15,57.9826086956522,52.9217391304348,83.5628985507246,125.333333333333,3.34782608695652,0,29.9565217391304,NA
"L52",-120.6224,35.1015,2019,5,16,60.4197183098592,53.7774647887324,79.4383098591549,212.033898305085,7.04225352112676,0.00366197183098592,29.8929577464789,NA
"L52",-120.6224,35.1015,2019,5,17,55.9,46.8,72.9577777777778,203.382352941176,6.43661971830986,0,30.0818055555556,NA
"L52",-120.6224,35.1015,2019,5,18,55.325,48.3,78.0519444444444,105.238095238095,3.56338028169014,0,30.0065277777778,NA
"L52",-120.6224,35.1015,2019,5,19,55.85,51.8,86.7898611111111,156.984126984127,5.54166666666667,0.00902777777777778,29.8859722222222,NA
"L52",-120.6224,35.1015,2019,5,20,56.05,51.775,86.2591666666667,148.461538461538,4.62857142857143,0.000138888888888889,29.9394444444444,NA
"L52",-120.6224,35.1015,2019,5,21,55.55,50.3,83.3190277777778,180.869565217391,5.80555555555556,0.000138888888888889,29.9838888888889,NA
"L52",-120.6224,35.1015,2019,5,22,56.8,49.275,76.1608333333333,289.420289855072,8.51388888888889,0,29.8479166666667,NA
"L52",-120.6224,35.1015,2019,5,23,57.425,53.275,86.3919444444444,116.5,3.64788732394366,0,29.8840277777778,NA
"L52",-120.6224,35.1015,2019,5,24,58.5628571428571,53.7542857142857,84.498,148.307692307692,4.22857142857143,0,29.9962857142857,NA
"L52",-120.6224,35.1015,2019,5,25,56.725,52.525,86.0769444444445,160.793650793651,3.36111111111111,0,29.9215277777778,NA
"L52",-120.6224,35.1015,2019,5,26,55.725,50.425,82.9648611111111,189.152542372881,4.25,0.00208333333333333,29.9113888888889,NA
"L52",-120.6224,35.1015,2019,5,27,54.1,48.1,80.7252777777778,157,5.18055555555556,0,30.03625,NA
"L52",-120.6224,35.1015,2019,5,28,56.85,51,81.29125,170,6.06944444444444,0,30.0070833333333,NA
"L52",-120.6224,35.1015,2019,5,29,55.9815384615385,52.52,88.3976923076923,153.035714285714,3.96923076923077,0,29.9196923076923,NA
"L52",-120.6224,35.1015,2019,5,30,55.9,52.4,88.1847222222222,133.709677419355,3.41666666666667,0,29.9244444444444,NA
"L52",-120.6224,35.1015,2019,5,31,55.1,52,89.5169444444444,209.672131147541,4.69014084507042,0,29.93125,NA
"L52",-120.6224,35.1015,2019,6,1,55.425,52.175,89.1193055555556,135.333333333333,3.29577464788732,0,29.8883333333333,NA
"L52",-120.6224,35.1015,2019,6,2,58.975,54.45,85.0609722222222,150,3.04166666666667,0,29.9040277777778,NA
"L52",-120.6224,35.1015,2019,6,3,58.325,54.275,86.4216666666667,161.016949152542,3.6056338028169,0,29.9231944444444,NA
"L52",-120.6224,35.1015,2019,6,4,56.125,53.675,91.7211111111111,132.321428571429,3.75,0,29.9372222222222,NA
"L52",-120.6224,35.1015,2019,6,5,55.8816901408451,54.2591549295775,94.6229577464789,92.7272727272727,2.49295774647887,0,29.9352112676056,NA
"L52",-120.6224,35.1015,2019,6,6,56.8608695652174,54.8782608695652,93.4427536231884,121.25,3,0,29.9501449275362,NA
"L52",-120.6224,35.1015,2019,6,7,55.5774647887324,50.8366197183099,84.9432394366197,129.242424242424,4.22857142857143,0,29.9401408450704,NA
"L52",-120.6224,35.1015,2019,6,8,60.425,47.375,63.7811111111111,124.098360655738,4.19718309859155,0,29.9126388888889,NA
"L52",-120.6224,35.1015,2019,6,9,58.15,52.675,82.6813888888889,104.576271186441,2.68115942028985,0,29.9515277777778,NA
"L52",-120.6224,35.1015,2019,6,10,62.1114285714286,57.0457142857143,84.0418571428571,81.8032786885246,2.05714285714286,0,29.979,NA
"L52",-120.6224,35.1015,2019,6,11,62.475,58.1,86.3044444444444,72.8813559322034,1.91549295774648,0,29.9902777777778,NA
"L52",-120.6224,35.1015,2019,6,12,61.1295774647887,58.9239436619718,92.7439436619718,93.9655172413793,2.49295774647887,0,29.9781690140845,NA
"L52",-120.6224,35.1015,2019,6,13,59.1852941176471,54.8705882352941,85.9797058823529,162.040816326531,3.75384615384615,0,29.9692753623188,NA
"L52",-120.6224,35.1015,2019,6,14,58.45,54.675,87.5570833333333,161.166666666667,3.85507246376812,0,29.9640277777778,NA
"L52",-120.6224,35.1015,2019,6,15,58.225,53.875,85.6243055555556,177.678571428571,4.7536231884058,0,29.9709722222222,NA
"L52",-120.6224,35.1015,2019,6,16,57.9,53.075,84.1809722222222,174.426229508197,4.59701492537313,0,29.9348611111111,NA
"L52",-120.6224,35.1015,2019,6,17,58.2,54.125,86.6302777777778,122.758620689655,3.39130434782609,0,29.8990277777778,NA
"L52",-120.6224,35.1015,2019,6,18,58.45,54.875,88.2686111111111,110.677966101695,2.8,0,29.9413888888889,NA
"L52",-120.6224,35.1015,2019,6,19,60.0647887323944,56.9211267605634,89.5928169014085,148.727272727273,3.08823529411765,0,29.9856338028169,NA
"L52",-120.6224,35.1015,2019,6,20,60.025,57.65,91.9768055555556,115,2.06153846153846,0,29.9638888888889,NA
"L52",-120.6224,35.1015,2019,6,21,60.975,56.9,86.7486111111111,115.51724137931,3.13114754098361,0,29.9247222222222,NA
"L52",-120.6224,35.1015,2019,6,22,59.6591549295775,55.1211267605634,85.2254929577465,162.452830188679,3.56716417910448,0,29.9605555555556,NA
"L52",-120.6224,35.1015,2019,6,23,57.9457142857143,55.7857142857143,92.7815714285714,76.25,2.41538461538462,0,29.9925714285714,NA
"L52",-120.6224,35.1015,2019,6,24,58.3,56.3,93.3322222222222,97.1153846153846,2.36923076923077,0,29.9418055555556,NA
"L52",-120.6224,35.1015,2019,6,25,58.9485714285714,55.4514285714286,88.5151428571429,98.8461538461538,2.75384615384615,0,29.895,NA
"L52",-120.6224,35.1015,2019,6,26,61.725,56.05,82.0138888888889,163.965517241379,4.25,0,29.9623611111111,NA
"L52",-120.6224,35.1015,2019,6,27,59.9794117647059,55.0558823529412,84.2622058823529,144.920634920635,4.62121212121212,0,30.0173529411765,NA
"L52",-120.6224,35.1015,2019,6,28,58.075,53.9,86.4116666666667,125.081967213115,3.78571428571429,0,30.0088888888889,NA
"L52",-120.6224,35.1015,2019,6,29,58.5,53.9396226415094,91.5988,124.615384615385,3.47692307692308,0,30.0084722222222,NA
"L52",-120.6224,35.1015,2019,6,30,57.425,54.6736842105263,93.4733333333333,132.71186440678,4.125,0,30.0368055555556,NA
"L52",-120.6224,35.1015,2019,7,1,58.15,54.275,87.3501388888889,150.15873015873,4.36231884057971,0,30.0255555555556,NA
"L52",-120.6224,35.1015,2019,7,2,57.075,53.325,87.8529166666667,130,4.11267605633803,0,29.96625,NA
"L52",-120.6224,35.1015,2019,7,3,57.5042253521127,53.4985915492958,87.047323943662,105.806451612903,3.81428571428571,0,29.9347887323944,NA
"L52",-120.6224,35.1015,2019,7,4,57.5,53.7,87.4761111111111,183.076923076923,5.49253731343284,0,29.9522222222222,NA
"L52",-120.6224,35.1015,2019,7,5,57.95,54.125,87.2915277777778,230.677966101695,5.26388888888889,0,30.0179166666667,NA
"L52",-120.6224,35.1015,2019,7,6,57.65,54.1,88.1004166666667,111.785714285714,3.30985915492958,0,30.0356944444444,NA
"L52",-120.6224,35.1015,2019,7,7,57.6056338028169,54.0056338028169,88.0071830985916,132.142857142857,4.22857142857143,0,29.9905633802817,NA
"L52",-120.6224,35.1015,2019,7,8,59.55,54.05,82.2343055555556,138.305084745763,3.31428571428571,0,30.0154166666667,NA
"L52",-120.6224,35.1015,2019,7,9,58.5943661971831,54.6901408450704,87.0216901408451,125.490196078431,3.38461538461538,0,30.0443661971831,NA
"L52",-120.6224,35.1015,2019,7,10,57.35,54.7,91.0534722222222,115.686274509804,3.40298507462687,0,30.0622222222222,NA
"L52",-120.6224,35.1015,2019,7,11,59.55,56.425,89.7423611111111,75.5102040816327,3.35714285714286,0,30.0290277777778,NA
"L52",-120.6224,35.1015,2019,7,12,59.05,56.125,90.5936111111111,90.9433962264151,3.14084507042254,0,29.9263888888889,NA
"L52",-120.6224,35.1015,2019,7,13,56.825,54.55,92.4077777777778,105.37037037037,3.22857142857143,0,29.86875,NA
"L52",-120.6224,35.1015,2019,7,14,55.975,54.275,94.2201388888889,108.846153846154,2.98571428571429,0,29.9623611111111,NA
"L52",-120.6224,35.1015,2019,7,15,58.575,54.55,87.9134722222222,110.819672131148,3.46376811594203,0,29.9552777777778,NA
"L52",-120.6224,35.1015,2019,7,16,58.875,54.9,87.4888888888889,123.387096774194,3.56521739130435,0,29.8994444444444,NA
"L52",-120.6224,35.1015,2019,7,17,59.325,55.15,86.5172222222222,139.83606557377,4.27777777777778,0,29.92375,NA
"L52",-120.6224,35.1015,2019,7,18,60.55,56.575,86.9638888888889,122.857142857143,2.78571428571429,0,29.9756944444444,NA
"L52",-120.6224,35.1015,2019,7,19,60.175,57.475,91.23,195.769230769231,3.76388888888889,0,29.9543055555556,NA
"L52",-120.6224,35.1015,2019,7,20,61.9,60.2857142857143,94.6416129032258,127.413793103448,3.08823529411765,0,29.9581944444444,NA
"L52",-120.6224,35.1015,2019,7,21,61.1802816901408,61.53125,94.6034375,163,3.81818181818182,0,29.9435211267606,NA
"L52",-120.6224,35.1015,2019,7,22,59.45,59.7714285714286,97.7835714285714,134.912280701754,3.25352112676056,0,29.9704166666667,NA
"L52",-120.6224,35.1015,2019,7,23,58.7211267605634,NA,NA,78.9090909090909,2.53623188405797,0,30.00375,NA
"L52",-120.6224,35.1015,2019,7,24,60.225,57.8,100,108,3.01538461538462,0,29.9761111111111,NA
"L52",-120.6224,35.1015,2019,7,25,60.775,NA,NA,111.538461538462,3.55072463768116,0,29.9626388888889,NA
"L52",-120.6224,35.1015,2019,7,26,59.3,NA,NA,115.272727272727,3.5625,0,30.0193055555556,NA
"L52",-120.6224,35.1015,2019,7,27,59.275,NA,NA,103.166666666667,3.31884057971015,0,30.0388888888889,NA
"L52",-120.6224,35.1015,2019,7,28,56.425,NA,NA,74.8148148148148,2.21212121212121,0,29.9922222222222,NA
"L52",-120.6224,35.1015,2019,7,29,59.0514285714286,55.58,88.5592857142857,119.166666666667,3.73913043478261,0,29.9681944444444,NA
"L52",-120.6224,35.1015,2019,7,30,58.025,54.225,87.7169444444445,134.761904761905,4.10144927536232,0,29.93625,NA
"L52",-120.6224,35.1015,2019,7,31,58.7171428571429,54.2942857142857,85.7664285714286,122.65306122449,3.90769230769231,0,29.9915714285714,NA
"L52",-120.6224,35.1015,2019,8,1,58.95,54.875,86.6244444444444,143.793103448276,3.76470588235294,0,30.0311111111111,NA
"L52",-120.6224,35.1015,2019,8,2,59.4816901408451,55.8056338028169,88.1923943661972,105.094339622642,3.37313432835821,0,30.0015492957746,NA
"L52",-120.6224,35.1015,2019,8,3,57.225,53.975,89.33625,80.3703703703704,2.54929577464789,0,29.9483333333333,NA
"L52",-120.6224,35.1015,2019,8,4,57.15,54.825,92.2348611111111,89.3617021276596,2.6,0,29.9538888888889,NA
"L52",-120.6224,35.1015,2019,8,5,58.4,55.975,91.9805555555556,114.912280701754,3.38028169014085,0,29.9793055555556,NA
"L52",-120.6224,35.1015,2019,8,6,58.525,56.025,91.7913888888889,160.377358490566,4.2258064516129,0,29.9576388888889,NA
"L52",-120.6224,35.1015,2019,8,7,58.425,55.625,90.7241666666667,109.821428571429,3.67164179104478,0,29.9625,NA
"L52",-120.6224,35.1015,2019,8,8,58.8985915492958,55.6535211267606,89.1849295774648,128.518518518519,4.36764705882353,0,29.9653521126761,NA
"L52",-120.6224,35.1015,2019,8,9,58.9239436619718,54.8676056338028,87.0198591549296,108.461538461538,3.19354838709677,0,29.94,NA
"L52",-120.6224,35.1015,2019,8,10,60.275,57.25,90.2865277777778,106.610169491525,3.43076923076923,0,29.9619444444444,NA
"L52",-120.6224,35.1015,2019,8,11,59.825,57.15,91.2909722222222,126.825396825397,3.75714285714286,0,29.9851388888889,NA
"L52",-120.6224,35.1015,2019,8,12,57.55,54.425,89.6343055555556,94.2105263157895,2.71830985915493,0,29.9727777777778,NA
"L52",-120.6224,35.1015,2019,8,13,57.0985915492958,55.5774647887324,94.8278873239437,73.75,1.95714285714286,0,29.9678873239437,NA
"L52",-120.6224,35.1015,2019,8,14,57.075,55.35,94.3113888888889,61.551724137931,1.73611111111111,0,29.9765277777778,NA
"L52",-120.6224,35.1015,2019,8,15,57.0714285714286,55.7085714285714,95.4192857142857,42.5,1.64179104477612,0,29.9658571428571,NA
"L52",-120.6224,35.1015,2019,8,16,57.7323943661972,56.5154929577465,95.8923943661972,54.6296296296296,1.484375,0,29.9247887323944,NA
"L52",-120.6224,35.1015,2019,8,17,60.65,57.725,90.3169444444444,88.1034482758621,1.91044776119403,0,29.9097222222222,NA
"L52",-120.6224,35.1015,2019,8,18,62.2,57.225,84.2731944444444,116.949152542373,2.50724637681159,0,29.9131944444444,NA
"L52",-120.6224,35.1015,2019,8,19,61.2,56.725,85.6263888888889,82.5862068965517,2.48571428571429,0,29.9683333333333,NA
"L52",-120.6224,35.1015,2019,8,20,61.0788732394366,56.9718309859155,86.7705633802817,117.666666666667,3.75714285714286,0,29.9832394366197,NA
"L52",-120.6224,35.1015,2019,8,21,61.2029850746269,56.6626865671642,85.879552238806,151.551724137931,4.15384615384615,0,29.9013432835821,NA
"L52",-120.6224,35.1015,2019,8,22,61.65,56.675,84.3109722222222,74,2.625,0,29.79625,NA
"L52",-120.6224,35.1015,2019,8,23,61.525,58.175,89.12625,113,3.77611940298507,0,29.8356944444444,NA
"L52",-120.6224,35.1015,2019,8,24,60.625,56.975,88.1556944444444,97.7049180327869,2.51428571428571,0,29.9127777777778,NA
"L52",-120.6224,35.1015,2019,8,25,59.275,56.9,92.14625,84.1269841269841,2.28169014084507,0,29.9808333333333,NA
"L52",-120.6224,35.1015,2019,8,26,58.925,57.125,93.9422222222222,83.0909090909091,2.88732394366197,0,29.9279166666667,NA
"L52",-120.6224,35.1015,2019,8,27,58.95,57.05,93.73,107.068965517241,2.98507462686567,0,29.8698611111111,NA
"L52",-120.6224,35.1015,2019,8,28,60.65,58.05,91.44875,108.103448275862,2.80281690140845,0,29.9273611111111,NA
"L52",-120.6224,35.1015,2019,8,29,63.5545454545455,59.0272727272727,85.8078787878788,111.836734693878,3.59649122807018,0,30.0036363636364,NA
"L52",-120.6224,35.1015,2019,8,30,61.825,58.5,89.2525,87.2549019607843,2.43859649122807,0,29.9926388888889,NA
"L52",-120.6224,35.1015,2019,8,31,60.3,58.275,93.1366666666667,96.9090909090909,3.3030303030303,0,29.9529166666667,NA
"L52",-120.6224,35.1015,2019,9,1,61.075,58.45,91.7486111111111,70.1818181818182,2.04477611940298,0,29.8925,NA
"L52",-120.6224,35.1015,2019,9,2,62.6507042253521,58.6704225352113,87.3533802816901,111.896551724138,2.51470588235294,0,29.9204225352113,NA
"L52",-120.6224,35.1015,2019,9,3,61.05,57.95,89.9408333333333,128.245614035088,3.69565217391304,0,29.9470833333333,NA
"L52",-120.6224,35.1015,2019,9,4,60.125,57.4,90.9573611111111,113.103448275862,3.24285714285714,0,29.8843055555556,NA
"L52",-120.6224,35.1015,2019,9,5,59.65,57.325,92.4227777777778,105.901639344262,2.84507042253521,0,29.9422222222222,NA
"L52",-120.6224,35.1015,2019,9,6,60.375,57.225,89.7315277777778,94.6666666666667,2.92957746478873,0,30.0290277777778,NA
"L52",-120.6224,35.1015,2019,9,7,60.5,56.75,88.2095833333333,126.393442622951,4.625,0,30.0365277777778,NA
"L52",-120.6224,35.1015,2019,9,8,58.9746478873239,54.7154929577465,86.5476056338028,140.769230769231,4.77611940298507,0,29.9860563380282,NA
"L52",-120.6224,35.1015,2019,9,9,61.6619718309859,55.1464788732394,79.9461971830986,126.716417910448,4.59154929577465,0,29.9056338028169,NA
"L52",-120.6224,35.1015,2019,9,10,60.075,54.625,83.3830555555556,129.68253968254,4.23529411764706,0,29.8991666666667,NA
"L52",-120.6224,35.1015,2019,9,11,58.5885714285714,54.0114285714286,85.5167142857143,110.3125,3.15942028985507,0,29.9632857142857,NA
"L52",-120.6224,35.1015,2019,9,12,60.6478873239437,51.8760563380282,74.8021126760563,63.3928571428571,1.50746268656716,0,29.9645070422535,NA
"L52",-120.6224,35.1015,2019,9,13,63.15,55.425,76.93625,95.2380952380952,2,0,29.9431944444444,NA
"L52",-120.6224,35.1015,2019,9,14,63.225,55.45,76.7477777777778,60.5263157894737,1.68181818181818,0,29.9068055555556,NA
"L52",-120.6224,35.1015,2019,9,15,58.569014084507,56.6422535211268,93.5915492957746,61.5254237288136,1.62857142857143,0,29.9035211267606,NA
"L52",-120.6224,35.1015,2019,9,16,61.895652173913,56.7826086956522,83.7963768115942,111.833333333333,3.76811594202899,0,29.9311594202899,NA
"L52",-120.6224,35.1015,2019,9,17,63.025,53.475,74.25,107.34375,4.43661971830986,0,29.9630555555556,NA
"L52",-120.6224,35.1015,2019,9,18,61.0769230769231,51.6615384615385,72.7846153846154,127.666666666667,3.77777777777778,0,29.9284615384615,NA
"L52",-120.6224,35.1015,2019,9,19,62.2704225352113,58.0112676056338,86.8702816901408,183.285714285714,5.11267605633803,0,29.9132394366197,NA
"L52",-120.6224,35.1015,2019,9,20,61.3830985915493,51.9774647887324,73.4388732394366,134.354838709677,4.1304347826087,0,29.8952112676056,NA
"L52",-120.6224,35.1015,2019,9,21,64.45,50.425,63.8323611111111,78.9830508474576,2.8,0,29.8825,NA
"L52",-120.6224,35.1015,2019,9,22,59.975,53.6,80.3033333333333,61.4285714285714,1.98550724637681,0,29.8755555555556,NA
"L52",-120.6224,35.1015,2019,9,23,58.025,55.95,93.0725,77.9310344827586,2.57142857142857,0,29.9301388888889,NA
"L52",-120.6224,35.1015,2019,9,24,63.1558823529412,54.7911764705882,78.1372058823529,70.3921568627451,2.23076923076923,0,29.9283823529412,NA
"L52",-120.6224,35.1015,2019,9,25,62.475,54.925,77.6254166666667,99.6825396825397,2.28787878787879,0,29.8036111111111,NA
"L52",-120.6224,35.1015,2019,9,26,64.9914285714286,61.8285714285714,89.8474285714286,108.983050847458,2.98529411764706,0,29.882,NA
"L52",-120.6224,35.1015,2019,9,27,65.075,60.675,85.8243055555556,54.5161290322581,1.1304347826087,0,29.9506944444444,NA
"L52",-120.6224,35.1015,2019,9,28,62.125,56.925,83.8156944444444,165.151515151515,4.40579710144928,0,29.8441666666667,NA
"L52",-120.6224,35.1015,2019,9,29,55.75,48,75.9979166666667,166.521739130435,5.5,0,29.8915277777778,NA
"L52",-120.6224,35.1015,2019,9,30,55.05,46.575,74.8402777777778,162.352941176471,5.43055555555556,0,29.9366666666667,NA
"L52",-120.6224,35.1015,2019,10,1,54.9183098591549,44.1183098591549,69.2653521126761,157.971014492754,4.98571428571429,0,29.9140845070423,NA
"L52",-120.6224,35.1015,2019,10,2,58.1380281690141,43.5859154929577,61.133661971831,124.461538461538,4,0,29.9483098591549,NA
"L52",-120.6224,35.1015,2019,10,3,54.125,46.725,76.9872222222222,101.641791044776,2.84285714285714,0,29.9388888888889,NA
"L52",-120.6224,35.1015,2019,10,4,55.1971830985916,47.4140845070423,77.3697183098592,139.545454545455,4.13432835820895,0,30.0152112676056,NA
"L52",-120.6224,35.1015,2019,10,5,60.725,41.425,51.9147222222222,85.8181818181818,2.94285714285714,0,30.0251388888889,NA
"L52",-120.6224,35.1015,2019,10,6,57.25,46.5,68.5708333333333,52.962962962963,1.81428571428571,0,29.9895833333333,NA
"L52",-120.6224,35.1015,2019,10,7,55.6828571428571,50.0514285714286,82.6038571428571,73.1578947368421,2.2463768115942,0,29.972,NA
"L52",-120.6224,35.1015,2019,10,8,53.825,52.7,96.1365277777778,49.3333333333333,1.64285714285714,0,29.9031944444444,NA
"L52",-120.6224,35.1015,2019,10,9,55.3,52.8,91.8280555555556,70.2857142857143,2,0,29.8840277777778,NA
"L52",-120.6224,35.1015,2019,10,10,52.0535211267606,47.5154929577465,86.4602816901408,82.1311475409836,2.19117647058824,0,29.9040845070423,NA
"L52",-120.6224,35.1015,2019,10,11,53.2957746478873,40.0112676056338,66.516338028169,65.3448275862069,1.94117647058824,0,29.9507042253521,NA
"L52",-120.6224,35.1015,2019,10,12,53.225,36.175,56.5908333333333,83.6507936507936,2.21428571428571,0,29.8929166666667,NA
"L52",-120.6224,35.1015,2019,10,13,50.2571428571429,39.5857142857143,68.9501428571429,93.859649122807,2.9047619047619,0,29.8598571428571,NA
"L52",-120.6224,35.1015,2019,10,14,51.675,48.6,89.76125,74.7619047619048,2.56521739130435,0,29.9365277777778,NA
"L52",-120.6224,35.1015,2019,10,15,52.230985915493,49.4929577464789,90.787323943662,106.5,3.33846153846154,0,30.0166197183099,NA
"L52",-120.6224,35.1015,2019,10,16,53.4411764705882,50.6617647058824,90.7898529411765,86.9491525423729,2.64179104477612,0,29.9823529411765,NA
"L52",-120.6224,35.1015,2019,10,17,55.9657142857143,51.4914285714286,86.101,115.882352941176,4.68115942028986,0,29.8821428571429,NA
"L52",-120.6224,35.1015,2019,10,18,60.85,46.925,60.8401388888889,256.716417910448,7.07142857142857,0,29.9736111111111,NA
"L52",-120.6224,35.1015,2019,10,19,59.875,48.9,68.9219444444444,134.69696969697,4.84507042253521,0,30.0083333333333,NA
"L52",-120.6224,35.1015,2019,10,20,63.1,50.55,68.4190277777778,155.396825396825,4.45714285714286,0,29.9984722222222,NA
"L52",-120.6224,35.1015,2019,10,21,69.65,45.025,45.8004166666667,78.8333333333333,4.1,0,30.0329166666667,NA
"L52",-120.6224,35.1015,2019,10,22,68.9887323943662,45.4112676056338,46.1521126760563,74.1538461538462,2.73913043478261,0,30.0635211267606,NA
"L52",-120.6224,35.1015,2019,10,23,65.3,48.1228571428571,56.8515714285714,75.0847457627119,2.68115942028985,0,29.9374285714286,NA
"L52",-120.6224,35.1015,2019,10,24,60.55,47.375,67.1298611111111,71.0769230769231,1.48571428571429,0,29.9066666666667,NA
"L52",-120.6224,35.1015,2019,10,25,66.85,39.25,40.7813888888889,66.1904761904762,2.35211267605634,0,30.0102777777778,NA
"L52",-120.6224,35.1015,2019,10,26,57.475,45.175,64.8530555555556,91.6666666666667,2.66666666666667,0,29.8843055555556,NA
"L52",-120.6224,35.1015,2019,10,27,57.275,52.475,84.4402777777778,91.3235294117647,2.72857142857143,0,29.7793055555556,NA
"L52",-120.6224,35.1015,2019,10,28,54.7382352941177,39.3323529411765,59.9120588235294,97.8333333333333,2.95588235294118,0,29.9525,NA
"L52",-120.6224,35.1015,2019,10,29,50.4,39.975,68.6045833333333,116.461538461538,3.84285714285714,0,29.9426388888889,NA
"L52",-120.6224,35.1015,2019,10,30,50.325,41.425,74.6980555555556,94.5161290322581,2.49275362318841,0,30.0145833333333,NA
"L52",-120.6224,35.1015,2019,10,31,50.3042253521127,35.2197183098592,58.6756338028169,112,3.47058823529412,0,30.1542253521127,NA
"L52",-120.6224,35.1015,2019,11,1,46.475,36.275,70.4518055555556,102.8125,2.56338028169014,0,30.1030555555556,NA
"L52",-120.6224,35.1015,2019,11,2,47.45,37.1,70.6859722222222,64.1538461538462,1.77142857142857,0,30.0681944444444,NA
"L52",-120.6224,35.1015,2019,11,3,50.25,40.075,70.8595833333333,67.4603174603175,1.52173913043478,0,29.9840277777778,NA
"L52",-120.6224,35.1015,2019,11,4,48.675,41.5,77.8677777777778,98.0327868852459,2.50724637681159,0,29.9602777777778,NA
"L52",-120.6224,35.1015,2019,11,5,52.504347826087,49.2173913043478,89.0444927536232,84.6428571428571,2.94117647058824,0,30.0121739130435,NA
"L52",-120.6224,35.1015,2019,11,6,53.2657142857143,51.1314285714286,92.8527142857143,112.881355932203,3.578125,0,30.0122857142857,NA
"L52",-120.6224,35.1015,2019,11,7,55.8056338028169,51.9014084507042,86.9767605633803,75.5,2.63636363636364,0,30.0691549295775,NA
"L52",-120.6224,35.1015,2019,11,8,53.2197183098592,50.7859154929577,91.7949295774648,104.393939393939,3.42253521126761,0,30.140985915493,NA
"L52",-120.6224,35.1015,2019,11,9,51.975,47.925,87.1361111111111,79.5238095238095,2.41428571428571,0,30.0795833333333,NA
"L52",-120.6224,35.1015,2019,11,10,51.025,48.25,90.825,72.1538461538462,2.12857142857143,0,30.0290277777778,NA
"L52",-120.6224,35.1015,2019,11,11,53.375,51.025,92.09,65,2.33802816901408,0,30.0188888888889,NA
"L52",-120.6224,35.1015,2019,11,12,50.15,48.55,94.5073611111111,55.0819672131148,1.43283582089552,0,30.0622222222222,NA
"L52",-120.6224,35.1015,2019,11,13,52.4,50.2347826086957,92.6807246376812,69.344262295082,2.16923076923077,0,30.0284057971014,NA
"L52",-120.6224,35.1015,2019,11,14,57.15,51.8,82.7494444444444,57.5409836065574,2.02898550724638,0,30.0752777777778,NA
"L52",-120.6224,35.1015,2019,11,15,58.75,53.4,83.3408333333333,101.285714285714,2.64788732394366,0,30.1247222222222,NA
"L52",-120.6224,35.1015,2019,11,16,63.75,47.675,59.7734722222222,90,3.28571428571429,0,30.0372222222222,NA
